Name,Company,location,link
"개발, 분석(경력) 수시채용(웹개발(Node.js))",㈜윈스,경기 성남시,http://www.jobkorea.co.kr/Recruit/GI_Read/31525944
"[잠실] 대기업 업무관리) Java, Node.js(필수) 중급 개발자 모집",인텍솔루션㈜,서울 전지역 외,http://www.jobkorea.co.kr/Recruit/GI_Read/31604124
"그룹사 개발 및 유지보수 (REACT,Node.js 외/6개월/분당)",㈜디와이즈,경기 성남시,http://www.jobkorea.co.kr/Recruit/GI_Read/31537456
대구 북구 웹 개발자 모집(Node.js/React Native) 각각 1명,더블디,대구 북구,http://www.jobkorea.co.kr/Recruit/GI_Read/31517079
Node 기반의 프런트앤드 개발 기술연구소 정규직 채용,㈜유삼씨앤씨,서울 서초구,http://www.jobkorea.co.kr/Recruit/GI_Read/31508233
"웹개발, Node.js, SQL, 웹퍼블리셔, 대구, 경산",어나더플랜,경북 경산시 외,http://www.jobkorea.co.kr/Recruit/GI_Read/31485452
"[암호화폐 거래소 코인원] 내부 회계프로그램 개발자 채용(Java,node.js)",(주)코인원,서울 영등포구 외,http://www.jobkorea.co.kr/Recruit/GI_Read/31323747
"PHP, Node.js, Delphi 각 개발 담당자 채용(사원,대리,과장,차장)",지이씨엘코리아,서울 전지역 외,http://www.jobkorea.co.kr/Recruit/GI_Read/31570417
[ 잠실 ] Node.js   업무관리 시스템 [ 개발 ],한국정보데이터시스템㈜,서울 송파구,http://www.jobkorea.co.kr/Recruit/GI_Read/31600076
자바 /엘라스틱서치/node.js 중급 운영인원 모집,㈜에스이에스케이,서울 금천구,http://www.jobkorea.co.kr/Recruit/GI_Read/31598382
"[잠실]쳇봇시스템개발 JAVA,NODE.JS. 중급",㈜우영씨앤씨,서울 강남구,http://www.jobkorea.co.kr/Recruit/GI_Read/31596311
"[의왕]Java,Vue.js,Node.js,중급,즉시부터7월말",㈜에스메이트,서울 전지역,http://www.jobkorea.co.kr/Recruit/GI_Read/31590437
[잠실] 대기업 챗봇시스템 개발 프로젝트(Node.js/중급),이수정보㈜,서울 송파구,http://www.jobkorea.co.kr/Recruit/GI_Read/31588292
[경력/연4천이상] 주얼리 커머스 node &react 웹 개발자 채용,㈜비주얼,서울 서초구 외,http://www.jobkorea.co.kr/Recruit/GI_Read/31586469
[세탁특공대] 서버 개발자/ Node.js 경력직 채용,세탁특공대,서울 강남구,http://www.jobkorea.co.kr/Recruit/GI_Read/31585047
node.js 경력 개발자 모집 공고,㈜콜리전스,서울 서초구,http://www.jobkorea.co.kr/Recruit/GI_Read/31582310
Node.js/중급/ 9개월,㈜첫눈소프트,서울 강남구,http://www.jobkorea.co.kr/Recruit/GI_Read/31579346
[시스템개발자] 프론트/백엔드(java/spring/javascript/node.js/vuejs/reactjs 등) 개발자 채용,㈜날리지포인트,서울 서초구,http://www.jobkorea.co.kr/Recruit/GI_Read/31569092
[SM-판교-초급] JAVA. Node-JS. 폰기프트 시스템 운영-즉시 부터,㈜와이쓰리에스,경기 성남시,http://www.jobkorea.co.kr/Recruit/GI_Read/31556491
React Native/Node 풀스택 개발자 모집,디지털엑스,서울 강남구,http://www.jobkorea.co.kr/Recruit/GI_Read/31541931
"개발, 분석(경력) 수시채용(웹개발(Node.js))",㈜윈스,경기 성남시,http://www.jobkorea.co.kr/Recruit/GI_Read/31525944
"[잠실] 대기업 업무관리) Java, Node.js(필수) 중급 개발자 모집",인텍솔루션㈜,서울 전지역 외,http://www.jobkorea.co.kr/Recruit/GI_Read/31604124
"그룹사 개발 및 유지보수 (REACT,Node.js 외/6개월/분당)",㈜디와이즈,경기 성남시,http://www.jobkorea.co.kr/Recruit/GI_Read/31537456
대구 북구 웹 개발자 모집(Node.js/React Native) 각각 1명,더블디,대구 북구,http://www.jobkorea.co.kr/Recruit/GI_Read/31517079
Node 기반의 프런트앤드 개발 기술연구소 정규직 채용,㈜유삼씨앤씨,서울 서초구,http://www.jobkorea.co.kr/Recruit/GI_Read/31508233
"웹개발, Node.js, SQL, 웹퍼블리셔, 대구, 경산",어나더플랜,경북 경산시 외,http://www.jobkorea.co.kr/Recruit/GI_Read/31485452
"[암호화폐 거래소 코인원] 내부 회계프로그램 개발자 채용(Java,node.js)",(주)코인원,서울 영등포구 외,http://www.jobkorea.co.kr/Recruit/GI_Read/31323747
"PHP, Node.js, Delphi 각 개발 담당자 채용(사원,대리,과장,차장)",지이씨엘코리아,서울 전지역 외,http://www.jobkorea.co.kr/Recruit/GI_Read/31570417
[ 잠실 ] Node.js   업무관리 시스템 [ 개발 ],한국정보데이터시스템㈜,서울 송파구,http://www.jobkorea.co.kr/Recruit/GI_Read/31600076
자바 /엘라스틱서치/node.js 중급 운영인원 모집,㈜에스이에스케이,서울 금천구,http://www.jobkorea.co.kr/Recruit/GI_Read/31598382
"[잠실]쳇봇시스템개발 JAVA,NODE.JS. 중급",㈜우영씨앤씨,서울 강남구,http://www.jobkorea.co.kr/Recruit/GI_Read/31596311
"[의왕]Java,Vue.js,Node.js,중급,즉시부터7월말",㈜에스메이트,서울 전지역,http://www.jobkorea.co.kr/Recruit/GI_Read/31590437
[잠실] 대기업 챗봇시스템 개발 프로젝트(Node.js/중급),이수정보㈜,서울 송파구,http://www.jobkorea.co.kr/Recruit/GI_Read/31588292
[경력/연4천이상] 주얼리 커머스 node &react 웹 개발자 채용,㈜비주얼,서울 서초구 외,http://www.jobkorea.co.kr/Recruit/GI_Read/31586469
[세탁특공대] 서버 개발자/ Node.js 경력직 채용,세탁특공대,서울 강남구,http://www.jobkorea.co.kr/Recruit/GI_Read/31585047
node.js 경력 개발자 모집 공고,㈜콜리전스,서울 서초구,http://www.jobkorea.co.kr/Recruit/GI_Read/31582310
Node.js/중급/ 9개월,㈜첫눈소프트,서울 강남구,http://www.jobkorea.co.kr/Recruit/GI_Read/31579346
[시스템개발자] 프론트/백엔드(java/spring/javascript/node.js/vuejs/reactjs 등) 개발자 채용,㈜날리지포인트,서울 서초구,http://www.jobkorea.co.kr/Recruit/GI_Read/31569092
[SM-판교-초급] JAVA. Node-JS. 폰기프트 시스템 운영-즉시 부터,㈜와이쓰리에스,경기 성남시,http://www.jobkorea.co.kr/Recruit/GI_Read/31556491
React Native/Node 풀스택 개발자 모집,디지털엑스,서울 강남구,http://www.jobkorea.co.kr/Recruit/GI_Read/31541931
React Native/Node 풀스택 개발자 채용,디지털엑스,서울 강남구,http://www.jobkorea.co.kr/Recruit/GI_Read/31541917
"[경력, 정규직] Node.js 웹개발 채용",㈜테크노블러드코리아,서울 강남구,http://www.jobkorea.co.kr/Recruit/GI_Read/31540909
[링커리어] Node.js 서버 개발자 채용,스펙업애드,서울 강남구,http://www.jobkorea.co.kr/Recruit/GI_Read/31531414
"Node.js , React Native 개발자를 채용합니다",한국모빌리티산업,서울 강남구,http://www.jobkorea.co.kr/Recruit/GI_Read/31531291
Node.js 및 JAVA 개발을 함께할 인재를 모십니다,제이앤씨테크놀로지,서울 중구,http://www.jobkorea.co.kr/Recruit/GI_Read/31529347
javascript 기반프레임워크(Vue.js / Angular / React / Node.js) 개발채용,아이티컨버젼,서울 송파구,http://www.jobkorea.co.kr/Recruit/GI_Read/31521704
"엘엠프렌즈에서 유쾌한 개발팀과 함께 나아갈 사람을 찾습니다. (HTML, CSS 코더 / PHP 선임 개발자 / Node 선임 개발자)",엘엠프렌즈,서울 서초구 외,http://www.jobkorea.co.kr/Recruit/GI_Read/31502825
React Native 기반앱/ Node JS기반 웹앱[프론트앤드/백앤드]개발자 채용,인비저블아이디어㈜,서울 서초구,http://www.jobkorea.co.kr/Recruit/GI_Read/31476277
Backend 개발자 채용 (Node.js),㈜큐엘씨,서울 중랑구,http://www.jobkorea.co.kr/Recruit/GI_Read/31460752
Node.js 백엔드 개발자 (신입 가능),리뷰쉐어,서울 강남구,http://www.jobkorea.co.kr/Recruit/GI_Read/31452662
"백엔드 경력 개발자(Node.js, GraphQL)를 모십니다",뷰티옵스,경기 성남시,http://www.jobkorea.co.kr/Recruit/GI_Read/31449498
"백엔드(Node, AWS), 네이티브앱(iOS, Android) 자사서비스 개발",㈜플랫커머스,서울 강남구,http://www.jobkorea.co.kr/Recruit/GI_Read/31332209
"웹개발(PHP, 리눅스/ NODE.JS 기술 보유자 우대) 정규직 및 프리랜서",㈜앤스시스템,서울 금천구,http://www.jobkorea.co.kr/Recruit/GI_Read/31206048
(주)하이 Node개발자 신입/경력 채용,하이,서울 서대문구,http://www.jobkorea.co.kr/Recruit/GI_Read/31251149
2020년 기술연구그룹 공채,이노뎁㈜,서울 구로구,http://www.jobkorea.co.kr/Recruit/GI_Read/31590797
제품 디자인/ MD/ 회계/ 해외 사업/ 웹프로그래머 상반기 채용(신입/경력),㈜브이에스에이홀딩스그룹,서울 마포구,http://www.jobkorea.co.kr/Recruit/GI_Read/31573645
2020 상반기 각부문별 직원 채용,유한책임회사 앤서스랩코리아,서울 용산구,http://www.jobkorea.co.kr/Recruit/GI_Read/31460027
[개발]위메프 패션 백엔드 개발자(정규직),㈜위메프,서울 강남구,http://www.jobkorea.co.kr/Recruit/GI_Read/31598331
[JOYCITY] 게임개발 병역특례 전문연구요원 모집 (신규편입/전직),㈜조이시티,경기 성남시,http://www.jobkorea.co.kr/Recruit/GI_Read/31551819
[메가존클라우드] 2020년 상반기 Commercial Tech 부문 채용,메가존,서울 강남구,http://www.jobkorea.co.kr/Recruit/GI_Read/31426260
2020년 상반기 각 부문 채용,㈜에임메드,서울 전지역 외,http://www.jobkorea.co.kr/Recruit/GI_Read/31429865
I-ON DTS(Digital Transformation Service) 사업본부 Front End Back End 개발 경력 채용,㈜아이온커뮤니케이션즈,서울 강남구 외,http://www.jobkorea.co.kr/Recruit/GI_Read/31577161
인슈어테크 개발 부문별 경력직 모집,㈜리치앤코,서울 중구,http://www.jobkorea.co.kr/Recruit/GI_Read/31598553
각 부문 경력사원 채용,현대오토에버㈜,경기 군포시 외,http://www.jobkorea.co.kr/Recruit/GI_Read/31584747
비상교육 IT전략팀 수시채용(윙스/챌린지 모바일 서비스 개발),㈜비상교육,서울 구로구,http://www.jobkorea.co.kr/Recruit/GI_Read/31585551
인프라웨어 서버개발/운영 경력직 채용,인프라웨어,서울 금천구,http://www.jobkorea.co.kr/Recruit/GI_Read/31584593
빗썸 IT 전문인력 채용,㈜빗썸코리아,서울 강남구,http://www.jobkorea.co.kr/Recruit/GI_Read/31572292
[신규: 오디오 콘텐츠 서비스]  서버 개발 경력,데브시스터즈㈜,서울 강남구,http://www.jobkorea.co.kr/Recruit/GI_Read/31553970
"IT 분야별 강사님 모집 (프로그래밍, 자격증, NCS, 기타 등)",㈜KG에듀원,서울 종로구,http://www.jobkorea.co.kr/Recruit/GI_Read/31551329
2020년 상반기 각 부문 신입/경력 채용,더이앤엠㈜,서울 전지역 외,http://www.jobkorea.co.kr/Recruit/GI_Read/31550684
2020년 디지털/ICT 경력직 수시채용[블록체인],㈜신한은행,서울 중구,http://www.jobkorea.co.kr/Recruit/GI_Read/31539568
2020년 디지털/ICT 경력직 수시채용,㈜신한은행,서울 중구,http://www.jobkorea.co.kr/Recruit/GI_Read/31539537
Cloud DevOps 전문직무직원 채용,㈜국민은행,서울 영등포구,http://www.jobkorea.co.kr/Recruit/GI_Read/31538373
sw개발 모집,㈜슈프리마,경기 성남시,http://www.jobkorea.co.kr/Recruit/GI_Read/31529871
[메가존] MSA JAVA 개발자 (프리랜서) 채용,메가존㈜,서울 강남구,http://www.jobkorea.co.kr/Recruit/GI_Read/31524286
[GS ITM] 데이터 분석 경력사원 모집,㈜지에스아이티엠(GSITM),서울 전지역,http://www.jobkorea.co.kr/Recruit/GI_Read/31526489
"개발, 분석(경력) 수시채용",㈜윈스,경기 성남시,http://www.jobkorea.co.kr/Recruit/GI_Read/31525223
[경력] 오픈소스 기반 웹 개발자,㈜진학사,서울 종로구,http://www.jobkorea.co.kr/Recruit/GI_Read/31524984
해외 기술지원 엔지니어 경력 사원 모집,㈜슈프리마,경기 성남시,http://www.jobkorea.co.kr/Recruit/GI_Read/31492935
[무료교육] 클라우드 / 블록체인 취업연계 교육생모집,(특수법인)한국전파진흥협회,서울 서초구 외,http://www.jobkorea.co.kr/Recruit/GI_Read/31486035
음성인식 솔루션개발자 경력/신입 모집,㈜셀바스에이아이,서울 금천구,http://www.jobkorea.co.kr/Recruit/GI_Read/31481862
"자존감 넘치는 JAVA, JSP 신입 및 경력 개발자 모십니다.",㈜비타소프트,서울 구로구 외,http://www.jobkorea.co.kr/Recruit/GI_Read/31475361
[개발팀] 개발자 신입/경력 채용,카페24㈜,서울 동작구,http://www.jobkorea.co.kr/Recruit/GI_Read/31455568
[Search&Clova] Clova AI NSML 개발자 신입/경력사원 모집,㈜NAVER,경기 성남시,http://www.jobkorea.co.kr/Recruit/GI_Read/31446622
[메가존클라우드] 2020년 상반기 Tech 부문 채용,메가존,서울 강남구,http://www.jobkorea.co.kr/Recruit/GI_Read/31426238
[메가존] 2020년 상반기 구글클라우드 직무별 채용,메가존㈜,서울 강남구,http://www.jobkorea.co.kr/Recruit/GI_Read/31427125
[메가존클라우드] 2020년 상반기 Cloud 운영 부문 채용,메가존,서울 강남구,http://www.jobkorea.co.kr/Recruit/GI_Read/31426234
[NHN] TOAST QA 경력 채용,엔에이치엔 주식회사,경기 성남시,http://www.jobkorea.co.kr/Recruit/GI_Read/31439785
"웹 기획 및 컨설팅 경력 인재를 찾습니다(빅데이터, 인공지능 경력자 우대).",㈜비타소프트,서울 구로구 외,http://www.jobkorea.co.kr/Recruit/GI_Read/31438743
Ericsson-LG Enterprise 경력 개발자 채용 (추가 모집),에릭슨엘지(주),서울 금천구,http://www.jobkorea.co.kr/Recruit/GI_Read/31427311
[네오플] 웹 개발자 모집,㈜네오플,제주 제주시,http://www.jobkorea.co.kr/Recruit/GI_Read/31411533
BI 솔루션 연구 개발자 채용,비아이매트릭스,서울 강남구,http://www.jobkorea.co.kr/Recruit/GI_Read/31381767
2020년 상반기 SW개발본부 각 부문별 채용[서울사무소],㈜피엠그로우,경기 전지역 외,http://www.jobkorea.co.kr/Recruit/GI_Read/31376911
[경력] 웹 개발자 채용 (팀장급),케이웨더㈜,서울 전지역 외,http://www.jobkorea.co.kr/Recruit/GI_Read/31370997
[시원스쿨] 웹개발팀 팀장 채용,에스제이더블유인터내셔널,서울 영등포구,http://www.jobkorea.co.kr/Recruit/GI_Read/31350968
[IGS] 웹 개발 담당자 모집,아이지에스㈜,서울 영등포구,http://www.jobkorea.co.kr/Recruit/GI_Read/31286581
[산타토익] .Net 백엔드 엔지니어,㈜뤼이드,서울 강남구,http://www.jobkorea.co.kr/Recruit/GI_Read/31248851
"미래교육사업부(웹개발,서비스기획) 채용 공고",㈜유비온,서울 구로구,http://www.jobkorea.co.kr/Recruit/GI_Read/31204754
Backend Developer,유한책임회사 딜리버리히어로코리아,서울 전지역 외,http://www.jobkorea.co.kr/Recruit/GI_Read/30890704
[Search & Clova] 검색 엔진 S/W 엔지니어 경력사원 모집,㈜NAVER,경기 성남시,http://www.jobkorea.co.kr/Recruit/GI_Read/30805113
[㈜클라우봇] 웹 개발자 채용,클라우봇,서울 강남구,http://www.jobkorea.co.kr/Recruit/GI_Read/31593829
스포츠 기록 플랫폼 개발 및 유지보수,㈜게임원커뮤니케이션즈,서울 송파구,http://www.jobkorea.co.kr/Recruit/GI_Read/31584850
솔루션 개발자 모집,㈜락플레이스,서울 강남구,http://www.jobkorea.co.kr/Recruit/GI_Read/31551558
(정규직) JAVA 경력개발자 채용,㈜타이호인스트,서울 구로구,http://www.jobkorea.co.kr/Recruit/GI_Read/31548067
기술연구소 경력개발자 채용,㈜타이호인스트,서울 구로구,http://www.jobkorea.co.kr/Recruit/GI_Read/31548017
백엔드 개발자,스파이더랩,서울 강남구,http://www.jobkorea.co.kr/Recruit/GI_Read/31525415
[경력] 스니커 거래중개서비스에서 백엔드 개발자를 모집합니다.,㈜힌터(HINTER),서울 강남구,http://www.jobkorea.co.kr/Recruit/GI_Read/31525428
[경력직] 백엔드 시스템/API 개발자,쓰리아이,경기 용인시 외,http://www.jobkorea.co.kr/Recruit/GI_Read/31509274
[(주) 인슈넷에프씨] 전산팀 웹프로그래머 모집,㈜인슈넷에프씨,서울 영등포구,http://www.jobkorea.co.kr/Recruit/GI_Read/31476138
광교연구소 프론트엔드/백엔드/DevOps 경력직 채용,㈜코렌스,경기 수원시,http://www.jobkorea.co.kr/Recruit/GI_Read/31459660
(주)네오젠소프트 WEB Front/End 개발자 채용 (경력),㈜네오젠소프트,경기 성남시,http://www.jobkorea.co.kr/Recruit/GI_Read/31453718
"머니비에서 개발 팀장님을 모십니다. (nodeJS, Maria DB 필수)",㈜루미스,서울 서초구,http://www.jobkorea.co.kr/Recruit/GI_Read/31451781
회계 / 개발자 담당사원 모집,㈜워시엔지니어링,서울 양천구,http://www.jobkorea.co.kr/Recruit/GI_Read/31442934
[구인구직 Platform] Java Backend 개발 전문가 채용,㈜에이아이앤잡,서울 강남구,http://www.jobkorea.co.kr/Recruit/GI_Read/31429190
[비트나인] 하이브리드어플리케이션/java 개발자 경력직 채용,㈜비트나인,서울 강서구,http://www.jobkorea.co.kr/Recruit/GI_Read/31395881
[암호화폐 거래소 코인원] 웹 프론트엔드 개발자 채용,(주)코인원,서울 영등포구 외,http://www.jobkorea.co.kr/Recruit/GI_Read/31394839
S/W 개발자를 모집합니다.,고백기술,전북 전주시 외,http://www.jobkorea.co.kr/Recruit/GI_Read/31373153
㈜한국디지털거래소 각 부문별 채용공고,㈜한국디지털거래소,서울 강남구,http://www.jobkorea.co.kr/Recruit/GI_Read/31353939
[구인구직 Platform] PL/Backend 개발팀장님 급구,㈜에이아이앤잡,서울 강남구,http://www.jobkorea.co.kr/Recruit/GI_Read/31268171
의료 AI분야 개발자 및 PM 채용,㈜와이즈케어,경기 성남시,http://www.jobkorea.co.kr/Recruit/GI_Read/31209851
프론트엔드 개발자 신입 및 경력직 모집,㈜네이처모빌리티,서울 강남구,http://www.jobkorea.co.kr/Recruit/GI_Read/31154008
"웹 개발자 채용/연봉 3,500만원-6,000만원(전문연구요원 병역특례가능)",㈜창소프트아이앤아이,서울 강남구,http://www.jobkorea.co.kr/Recruit/GI_Read/31143678
[정규직](주)나이츠넷 Java / Javascript 웹개발 경력자 모집,나이츠넷,서울 마포구 외,http://www.jobkorea.co.kr/Recruit/GI_Read/31596421
[정규직/자바스크립트]강소기업 (주)나이츠넷 웹 개발자 채용,나이츠넷,서울 마포구 외,http://www.jobkorea.co.kr/Recruit/GI_Read/31589132
[정규직](주)나이츠넷 그룹웨어 ERP 앱 개발 유지보수 담당 모집,나이츠넷,서울 마포구 외,http://www.jobkorea.co.kr/Recruit/GI_Read/31589131
[정규직](주)나이츠넷 Java / Javascript 웹개발자 모집,나이츠넷,서울 마포구 외,http://www.jobkorea.co.kr/Recruit/GI_Read/31589115
e-Learning 서비스 개발/운영 담당자 채용,㈜코리아폴리스쿨,서울 송파구,http://www.jobkorea.co.kr/Recruit/GI_Read/31582787
"풀스택 개발 & 서비스 기획, 신입 및 경력사원 모집",㈜엠티이지,서울 마포구,http://www.jobkorea.co.kr/Recruit/GI_Read/31513405
"[코리아IT아카데미 신촌] 프로그래밍(C, 파이썬, 자바, 안드로이드 등) 강사 채용",코리아정보보안아이티아카데미신촌,서울 서대문구,http://www.jobkorea.co.kr/Recruit/GI_Read/31467290
"[부산] PHP, Javascript 능통한 개발자 모십니다.",㈜포지크리엑티브,부산 연제구,http://www.jobkorea.co.kr/Recruit/GI_Read/31298986
[코리아IT아카데미 신촌] 웹개발(안드로이드) 강사 채용 / 평일 주말 강의 / 직업훈련교사 / NCS,코리아정보보안아이티아카데미신촌,서울 서대문구 외,http://www.jobkorea.co.kr/Recruit/GI_Read/31239790
카테노이드에서 웹개발자님을 모십니다.( Front / back - end),카테노이드㈜,서울 강남구,http://www.jobkorea.co.kr/Recruit/GI_Read/31216060
react native 개발자 채용 - 1등 플랫폼 케어닥,㈜케어닥,서울 강남구,http://www.jobkorea.co.kr/Recruit/GI_Read/31197280
백앤드 개발자,에스알유니버스,서울 송파구 외,http://www.jobkorea.co.kr/Recruit/GI_Read/31605389
"JAVA,.NET,ABAP,NW,OP,DW,ETL,OLAP,DBA,ASP,COBOL,VB,PHP초빙(업체도 지원가능)-19.04.23",㈜아스텍시스템,서울 강남구,http://www.jobkorea.co.kr/Recruit/GI_Read/31604641
[Web개발자] 신입/경력자 채용 공고,스탠스,서울 노원구 외,http://www.jobkorea.co.kr/Recruit/GI_Read/31599213
[아지앙스 코리아] Senior Full-stack Developer 경력직 채용,ASIANCE,서울 중구,http://www.jobkorea.co.kr/Recruit/GI_Read/31595076
R&D 각 분야 채용,올리브유니온㈜,서울 서초구,http://www.jobkorea.co.kr/Recruit/GI_Read/31594771
2020 블릭스소프트 경력직 (Front-end 분야) 채용 합니다.,㈜블릭스소프트,경기 성남시,http://www.jobkorea.co.kr/Recruit/GI_Read/31594506
발란몰 앱 개발자 (안드로이드 / iOS) 채용,"Balaan Co., Ltd.",서울 강남구,http://www.jobkorea.co.kr/Recruit/GI_Read/31588538
SE/백엔드 개발자 채용,㈜리로소프트,서울 송파구,http://www.jobkorea.co.kr/Recruit/GI_Read/31587345
웹 프론트엔드 엔지니어 채용,패스트캠퍼스㈜,서울 강남구,http://www.jobkorea.co.kr/Recruit/GI_Read/31585598
커머스 서버 개발자 채용,㈜지앤원,서울 영등포구,http://www.jobkorea.co.kr/Recruit/GI_Read/31586423
[글로벌 핀테크 기업] 웹 개발자 모집 (Back-end),㈜핀투비,서울 영등포구,http://www.jobkorea.co.kr/Recruit/GI_Read/31583884
(주)셉템 자사서비스 자산관리 기능고도화(프론트 개발),다산소프트,경기 의왕시,http://www.jobkorea.co.kr/Recruit/GI_Read/31583026
[정규/경력 및 신입] 기획자/디자이너/개발자/퍼블리셔/스크립터 각 부문 모집,㈜이트라이브,서울 중구,http://www.jobkorea.co.kr/Recruit/GI_Read/31582038
웹 개발자(JAVA 백엔드) 채용,SQI소프트㈜,서울 영등포구,http://www.jobkorea.co.kr/Recruit/GI_Read/31580548
벡엔드 개발자 채용건,아이디비㈜,서울 강남구,http://www.jobkorea.co.kr/Recruit/GI_Read/31578689
앱 서버개발자 채용,㈜대해선박설계,경남 창원시 외,http://www.jobkorea.co.kr/Recruit/GI_Read/31576995
web/app 프론트엔드 개발자 신입 모집,㈜로디언즈,서울 동작구,http://www.jobkorea.co.kr/Recruit/GI_Read/31576009
"[스타트업 근무] 웹 개발 (프론트, 백엔드), 디자인 담당자 채용",엠엠브이글로벌,경기 수원시,http://www.jobkorea.co.kr/Recruit/GI_Read/31575435
[잠실] 쳇봇 개발,㈜트리토,서울 송파구,http://www.jobkorea.co.kr/Recruit/GI_Read/31575366
작품하나 그리실 프론트엔드 개발자를 모십니다.,㈜셉템,경기 의왕시,http://www.jobkorea.co.kr/Recruit/GI_Read/31573048
생산관리 / 서비스(C/S) / 웹개발 / 영상 컨텐츠 제작 / 국내 영업 담당자 / 온라인쇼핑몰MD 채용합니다.,㈜스트롱홀드테크놀로지,서울 금천구,http://www.jobkorea.co.kr/Recruit/GI_Read/31572245
(주5일) PHP 웹개발(API개발 및 Back End) 경력직 채용 (판교역),㈜휴먼브릿지앤코,경기 성남시 외,http://www.jobkorea.co.kr/Recruit/GI_Read/31568365
JAVA 서버 / 프런트 개발직 경력사원 모집,㈜펜타웍스,서울 영등포구,http://www.jobkorea.co.kr/Recruit/GI_Read/31567674
spring 기반 전자정부프레임워크 개발채용,아이티컨버젼,서울 송파구,http://www.jobkorea.co.kr/Recruit/GI_Read/31567699
[초급/정규직/압구정역] 웹개발자 채용,아임잡,서울 강남구,http://www.jobkorea.co.kr/Recruit/GI_Read/31564099
(주) 마이플레닛 NodeJS 백엔드 / 풀스택 개발자 모집합니다.,마이플래닛,경기 성남시,http://www.jobkorea.co.kr/Recruit/GI_Read/31564326
[2020년] 상반기 정규직 신입사원 채용,㈜스마트코어,서울 금천구,http://www.jobkorea.co.kr/Recruit/GI_Read/31561384
Back-End 개발자 모집,리버스랩,서울 강남구 외,http://www.jobkorea.co.kr/Recruit/GI_Read/31560975
2020년 상반기 각 부문 신입/경력 채용,㈜스탠드포인트,서울 금천구 외,http://www.jobkorea.co.kr/Recruit/GI_Read/31553632
웹프로그래머 채용,㈜지앤디플러스,서울 강남구,http://www.jobkorea.co.kr/Recruit/GI_Read/31554412
[미트박스]웹 / 앱 개발자 경력사원 모집,㈜글로벌네트웍스,경기 성남시 외,http://www.jobkorea.co.kr/Recruit/GI_Read/31548601
블록체인 개발자 정규직 채용,㈜위고컴퍼니,서울 구로구,http://www.jobkorea.co.kr/Recruit/GI_Read/31546761
정보 시스템 개발,㈜휴먼정보기술,서울 금천구,http://www.jobkorea.co.kr/Recruit/GI_Read/31543413
S/W 솔루션 운영 리더 채용 (용인 기흥),노드소프트㈜,경기 용인시,http://www.jobkorea.co.kr/Recruit/GI_Read/31542651
집토스 개발자 대규모 채용 (프론트엔드/백엔드/안드로이드),집토스,서울 전지역,http://www.jobkorea.co.kr/Recruit/GI_Read/31542147
React / NodeJS 풀스택 개발자 채용,디지털엑스,서울 강남구,http://www.jobkorea.co.kr/Recruit/GI_Read/31541947
React /NodeJS 풀스택 개발자 모집,디지털엑스,서울 강남구,http://www.jobkorea.co.kr/Recruit/GI_Read/31541938
스타트업 백엔드 개발자 모집(재택병행가능),굿즈포굿,서울 성동구,http://www.jobkorea.co.kr/Recruit/GI_Read/31537856
[링커리어] 웹 Full stack 개발자 채용,스펙업애드,서울 강남구,http://www.jobkorea.co.kr/Recruit/GI_Read/31531497
Cloud PaaS 플랫폼 운영 관리 엔지니어 채용,삼양데이타시스템,서울 종로구 외,http://www.jobkorea.co.kr/Recruit/GI_Read/31531141
"JAVA 웹,앱 개발자 모집",국제전산개발,부산 남구,http://www.jobkorea.co.kr/Recruit/GI_Read/31531031
(주)쏘우웨이브 서버S/W 개발 경력직 모집,㈜쏘우웨이브,경기 성남시,http://www.jobkorea.co.kr/Recruit/GI_Read/31528432
"App/C#개발, SW서비스/UI기획, 고객지원 모집",㈜오에이전자,서울 구로구 외,http://www.jobkorea.co.kr/Recruit/GI_Read/31527642
㈜성묵 Front-end Web App 개발자 채용,㈜성묵,서울 강남구,http://www.jobkorea.co.kr/Recruit/GI_Read/31527482
카카오VX 홈트개발팀 웹개발자 채용,㈜카카오VX,경기 성남시,http://www.jobkorea.co.kr/Recruit/GI_Read/31527257
[신입/경력] PHP 웹개발자 채용,티온네트워크㈜,서울 강남구,http://www.jobkorea.co.kr/Recruit/GI_Read/31526887
"xx증권 ,저축은행(Android, iOS 유경험자-Builder(ITGen, Kiwoom, 소리마치 등) 개발 및 운영",마이스터정보기술㈜,서울 마포구,http://www.jobkorea.co.kr/Recruit/GI_Read/31524175
오픈 공모전 영상플랫폼 개발자 모집,㈜이엔티팩토리,서울 전지역,http://www.jobkorea.co.kr/Recruit/GI_Read/31517141
풀 스택 개발자(MERN Stack),더에이치알더㈜,서울 송파구,http://www.jobkorea.co.kr/Recruit/GI_Read/31516161
2020년도 전문연구요원(병역특례) 인재모집(3개 분야),㈜솔박스,서울 강남구,http://www.jobkorea.co.kr/Recruit/GI_Read/31512823
플랫폼팀 SW/DevOps/웹 개발 경력인재모집 (3개 분야),㈜솔박스,서울 강남구,http://www.jobkorea.co.kr/Recruit/GI_Read/31512673
"[스타트업] 창업비교견적 플랫폼 개발자,마케터 채용",㈜오아시스비즈니스,서울 성동구 외,http://www.jobkorea.co.kr/Recruit/GI_Read/31506623
"[배달앱 배고파] 프론트, 백엔드 개발자 경력직 채용",㈜배고파,서울 서초구,http://www.jobkorea.co.kr/Recruit/GI_Read/31505830
S/W 솔루션 운영 리더 채용 (잠실),노드소프트㈜,서울 송파구,http://www.jobkorea.co.kr/Recruit/GI_Read/31501204
코어 시스템/서버 소프트웨어 엔지니어 (3년 이상),㈜둡,서울 마포구,http://www.jobkorea.co.kr/Recruit/GI_Read/31499972
[TeamLeader] 앨리스헬스케어에서 개발팀 Leader을 모십니다.,앨리스헬스케어,서울 강남구,http://www.jobkorea.co.kr/Recruit/GI_Read/31498297
개발분야 채용 [PHP개발],㈜와이엘랜드,경기 성남시,http://www.jobkorea.co.kr/Recruit/GI_Read/31498229
[공유킥보드 씽씽app] 백엔드 개발 경력자 모집,㈜피유엠피,서울 강남구,http://www.jobkorea.co.kr/Recruit/GI_Read/31497539
[(주)호두랩스] 2020년 상반기 각 부문 경력 채용,㈜호두랩스,서울 강남구 외,http://www.jobkorea.co.kr/Recruit/GI_Read/31483591
iOS/Android 앱개발자 채용[워라밸중시],이피엔스,서울 강남구,http://www.jobkorea.co.kr/Recruit/GI_Read/31491137
[SI][JAVA] 신입 개발자 채용,주식회사 이젠솔루션,서울 구로구,http://www.jobkorea.co.kr/Recruit/GI_Read/31489029
[2020년] 개발 경력자 정규직 수시 채용,㈜스마트코어,서울 금천구,http://www.jobkorea.co.kr/Recruit/GI_Read/31482084
Software Engineer - Frontend / Backend(Full Stack),㈜자이냅스,서울 강남구,http://www.jobkorea.co.kr/Recruit/GI_Read/31481588
"PHP(Laravel), NODEJS 개발자 채용",컴바인렉스,경기 안양시,http://www.jobkorea.co.kr/Recruit/GI_Read/31478437
2020년 볼트홀 / 웹프로그래머(백엔드) 모집,볼트홀,경기 성남시,http://www.jobkorea.co.kr/Recruit/GI_Read/31474441
백엔드 솔루션 개발을 함께하실 팀원을 기다리고 있습니다.,에스에이텍,서울 구로구,http://www.jobkorea.co.kr/Recruit/GI_Read/31472637
프론트 및 백앤드 웹프로그래머 경력직 채용 (정규직),㈜픽트리소프트,서울 전지역,http://www.jobkorea.co.kr/Recruit/GI_Read/31472184
(자유 출퇴근제) 백엔드 개발자 모십니다.,(주)두빛나래소프트,서울 강남구,http://www.jobkorea.co.kr/Recruit/GI_Read/31470097
프론트 엔드 개발자 모집(3년이상),데이터블,서울 서대문구,http://www.jobkorea.co.kr/Recruit/GI_Read/31464819
AI기술 기반 서비스 및 제품 Frontend 개발 및 운영(신입&경력),알체라,경기 성남시,http://www.jobkorea.co.kr/Recruit/GI_Read/31463674
웹 프론트엔드(Front-End) 개발자 경력직 채용,㈜우노솔루션,서울 강남구,http://www.jobkorea.co.kr/Recruit/GI_Read/31461183
백엔드개발자 경력직 채용,뉴트리션코트,서울 강남구,http://www.jobkorea.co.kr/Recruit/GI_Read/31459587
프론트엔드개발 경력자 채용,㈜정크레비즈,경기 부천시 외,http://www.jobkorea.co.kr/Recruit/GI_Read/31452927
머니비에서 프론트엔드 개발자를 모십니다.,㈜루미스,서울 서초구,http://www.jobkorea.co.kr/Recruit/GI_Read/31452292
능력있는 개발자를 모십니다.,㈜삼천리네트웍스,서울 강서구,http://www.jobkorea.co.kr/Recruit/GI_Read/31451355
블록체인 분야 개발자,(주)시오익스플래닛,서울 강남구,http://www.jobkorea.co.kr/Recruit/GI_Read/31449114
[신입/경력] IT 개발자 부문별 채용공고,㈜아이비즈소프트웨어,서울 영등포구,http://www.jobkorea.co.kr/Recruit/GI_Read/31448434
2020년 상반기 각 부문별 채용,클라우드그램㈜,서울 강남구,http://www.jobkorea.co.kr/Recruit/GI_Read/31446891
백엔드/유지보수/크롤링/웹페이지 개발 채용공고,이펙트랩,서울 금천구,http://www.jobkorea.co.kr/Recruit/GI_Read/31446882
인프런과 함께할 동료를 구해요. - 프론트엔드 개발자(FrontEnd-Developer),인프랩,경기 성남시,http://www.jobkorea.co.kr/Recruit/GI_Read/31446396
인프런과 함께할 동료를 구해요. - 백엔드 개발자(BackEnd-Developer),인프랩,경기 성남시,http://www.jobkorea.co.kr/Recruit/GI_Read/31446032
"[SPOTV] 웹 개발자, 퍼블리셔 경력 채용",㈜에이클라엔터테인먼트,서울 마포구,http://www.jobkorea.co.kr/Recruit/GI_Read/31446006
웹 프로그래머 채용합니다.,㈜퍼니펍,전국,http://www.jobkorea.co.kr/Recruit/GI_Read/31443358
[The Gifting Company] Software Engineer,㈜더안코어컴퍼니,서울 성동구,http://www.jobkorea.co.kr/Recruit/GI_Read/31440312
실력있는 웹퍼블리셔 (프론트엔드)를 상시로 채용합니다.,㈜포스트앤아이,서울 전지역,http://www.jobkorea.co.kr/Recruit/GI_Read/31434718
PHP웹프로그래머 모집,㈜웰컴애드,서울 구로구,http://www.jobkorea.co.kr/Recruit/GI_Read/31427987
"실력있는 웹(UX/UI)기획,웹퍼블리셔(프론트앤드),웹디자인,서버개발(백오피스)을 상시로 채용합니다.",㈜포스트앤아이,서울 전지역,http://www.jobkorea.co.kr/Recruit/GI_Read/31426278
리뷰얼마 O2O서비스 개발팀 경력직 모집(백엔드),㈜마인드링크소프트,경기 의정부시,http://www.jobkorea.co.kr/Recruit/GI_Read/31425689
H/W개발자/ 웹개발자/ 국책과제 관리 각 부분별 정규,시그너스,서울 중구,http://www.jobkorea.co.kr/Recruit/GI_Read/31423901
웹프론트 개발자를 모십니다(CarO 차량구독 서비스),bemycar,서울 광진구,http://www.jobkorea.co.kr/Recruit/GI_Read/31423469
Front-end 개발 경력자 모집,스프링클라우드,경기 성남시 외,http://www.jobkorea.co.kr/Recruit/GI_Read/31413228
융합현실 서비스를 함께 만들어나갈 서버개발자 모집,일루니,서울 서초구,http://www.jobkorea.co.kr/Recruit/GI_Read/31412961
(주)클라우드네트웍스 개발자 인턴직 채용,㈜클라우드네트웍스,서울 전지역,http://www.jobkorea.co.kr/Recruit/GI_Read/31412751
웹기획 경력직 채용,팜캐드,서울 강남구,http://www.jobkorea.co.kr/Recruit/GI_Read/31411951
인라이브 웹개발자 모집,㈜인라이브,경기 성남시,http://www.jobkorea.co.kr/Recruit/GI_Read/31406617
EMS 솔루션 프론트엔드 및 백엔드 개발자 채용,㈔한국건물에너지기술원,서울 서초구,http://www.jobkorea.co.kr/Recruit/GI_Read/31405258
[한국건물에너지기술원] 응용 S/W 및 Web 개발자 채용,㈔한국건물에너지기술원,서울 서초구,http://www.jobkorea.co.kr/Recruit/GI_Read/31403857
프리랜서 프론트엔드 개발자 모집 (React),㈜씨에스피아이,경기 성남시 외,http://www.jobkorea.co.kr/Recruit/GI_Read/31395724
[하이퍼씨] 백엔드 개발자 팀원 모집,㈜하이퍼씨,서울 중구,http://www.jobkorea.co.kr/Recruit/GI_Read/31394614
프론트엔드 / AI기술 개발자 채용,㈜셉템,경기 의왕시,http://www.jobkorea.co.kr/Recruit/GI_Read/31387634
[판교] 백엔드 엔지니어,큐픽스,경기 성남시,http://www.jobkorea.co.kr/Recruit/GI_Read/31387007
PHP 개발자 채용,㈜엠마우스,서울 송파구,http://www.jobkorea.co.kr/Recruit/GI_Read/31382605
2. 기획/디자인/퍼블리셔/보험/카드/병원/증권/은행/PythonOLAP//MES/SAP/ABAP/DBA/모델러/Android/IOS/C/C++/PRO-C/JAVA/C,토피아정보기술㈜,경북 구미시 외,http://www.jobkorea.co.kr/Recruit/GI_Read/31379179
4. 은행/보험/증권/웹기획/웹디자인/AA/MES/안드로이드/C++/VC++/PRO-C/Java/C#.NET,토피아정보기술㈜,전남 나주시 외,http://www.jobkorea.co.kr/Recruit/GI_Read/31379075
JAVA 개발자 및 SE/프론트엔드/백엔드/시스템엔지니어/AWS/IDC,제스트씨앤티㈜,서울 영등포구,http://www.jobkorea.co.kr/Recruit/GI_Read/31376875
(COCONE) 게임 클라이언트 / 서버 / HTML5 개발자 모집 (경력직),코코네㈜(영업소),서울 중구,http://www.jobkorea.co.kr/Recruit/GI_Read/31376226
[신입] 프로그램 개발자 채용공고,포인트아이,서울 전지역 외,http://www.jobkorea.co.kr/Recruit/GI_Read/31374729
[ST Unitas] 개발자 및 연구원 신입/경력 (상시채용),ST Unitas,전국,http://www.jobkorea.co.kr/Recruit/GI_Read/31373932
Software Engineer,㈜소셜클럽,서울 서초구,http://www.jobkorea.co.kr/Recruit/GI_Read/31372281
각 부분별 개발 경력직 모집,릴레이브랜드,서울 마포구 외,http://www.jobkorea.co.kr/Recruit/GI_Read/31363577
"Web개발자, Web FrontEnd UI개발자 경력 채용",위버스커뮤니케이션즈㈜,서울 강남구,http://www.jobkorea.co.kr/Recruit/GI_Read/31363345
[엔씨소프트] [신규] 플랫폼 서비스 개발자 채용,㈜엔씨소프트,경기 성남시,http://www.jobkorea.co.kr/Recruit/GI_Read/31362588
소프트웨어 개발자 모집,㈜제일에프에이,경기 수원시,http://www.jobkorea.co.kr/Recruit/GI_Read/31352084
"백엔드 개발자 - AI, 블록체인 기술 기반의 차세대 V-Commerce 플랫폼",언더핀,서울 영등포구,http://www.jobkorea.co.kr/Recruit/GI_Read/31351967
[양재/안양/대구]오큐브(주) 모바일/프론트엔드/서버/백엔드/모바일 UX/UI 디자인  공개채용,오큐브㈜,대구 전지역 외,http://www.jobkorea.co.kr/Recruit/GI_Read/31346899
"[JAVA/개발/플랫폼] IT개발, 플랫폼, 모바일 APP, 클라우드 개발자 채용",JMP코리아,서울 전지역 외,http://www.jobkorea.co.kr/Recruit/GI_Read/31346998
실시간 강의 php 웹 프론트 개발자,㈜아나키,서울 마포구,http://www.jobkorea.co.kr/Recruit/GI_Read/31345821
백엔드 개발 경력자,에쿼티언,서울 강남구,http://www.jobkorea.co.kr/Recruit/GI_Read/31345074
[PCN-BD사업부]웹 운영 개발 경력직 모집,㈜피씨엔,서울 마포구,http://www.jobkorea.co.kr/Recruit/GI_Read/31339042
(주)유진로봇 개발본부 프리랜서(경력) 채용,㈜유진로봇,인천 연수구,http://www.jobkorea.co.kr/Recruit/GI_Read/31337954
[위크루] 웹 개발자 모집 (정규직),㈜위크루,경기 광명시 외,http://www.jobkorea.co.kr/Recruit/GI_Read/31336762
"세이프 스쿨버스 서버개발자, 클라이언트 개발자 채용",㈜스쿨버스,서울 전지역,http://www.jobkorea.co.kr/Recruit/GI_Read/31336702
2020년 상반기 프론트 엔드 개발 신입&경력 채용,㈜올리브스톤,서울 강남구,http://www.jobkorea.co.kr/Recruit/GI_Read/31334181
"[서울/수도권 외]  SI/SM 프로젝트 정보(초급/중급/고급, 00명), 즉시부터",㈜에스메이트,서울 전지역 외,http://www.jobkorea.co.kr/Recruit/GI_Read/31333053
(주)유진로봇 개발본부(서비스플랫폼) 신입/경력사원 공개채용,㈜유진로봇,인천 연수구,http://www.jobkorea.co.kr/Recruit/GI_Read/31332790
"PHP, javascript,앱, 웹개발자, 3-5년 경력자 모집합니다.",㈜몽컴퍼니,서울 서초구,http://www.jobkorea.co.kr/Recruit/GI_Read/31332076
php backend 개발자 모집,아이디어컴즈,서울 서초구,http://www.jobkorea.co.kr/Recruit/GI_Read/31329597
백엔드/프론트/클라이언트(V-커머스) 개발자 채용[복지최강 워라벨중시],이피엔스,서울 강남구,http://www.jobkorea.co.kr/Recruit/GI_Read/31319644
안드로이드 앱 개발자 채용,㈜VOLK,경기 광명시,http://www.jobkorea.co.kr/Recruit/GI_Read/31315628
2020 개발팀 경력직 채용,㈜더 휴먼플러스,서울 강남구,http://www.jobkorea.co.kr/Recruit/GI_Read/31304615
각 분야별 인재 채용,㈜렛시,서울 강남구,http://www.jobkorea.co.kr/Recruit/GI_Read/31307290
(주)렛시 2020년 상반기 인재채용,㈜렛시,서울 강남구,http://www.jobkorea.co.kr/Recruit/GI_Read/31307286
(주)렛시 AR(증강현실)분야 인재채용,㈜렛시,서울 강남구,http://www.jobkorea.co.kr/Recruit/GI_Read/31307275
[캐쥬얼퍼즐게임] HTML5 개발자 (신입),㈜엔스테이지,경기 성남시,http://www.jobkorea.co.kr/Recruit/GI_Read/31305346
"웹 UI 퍼블리싱, 프론트엔드 개발",㈜더피프티원,서울 전지역,http://www.jobkorea.co.kr/Recruit/GI_Read/31296986
[Developer] 함께 성장하고픈 당신을 모십니다.,바글바글,경기 광주시,http://www.jobkorea.co.kr/Recruit/GI_Read/31296633
"VueJS, NodeJS, PHP, AWS 웹개발자 채용 자체서비스 플랫폼개발",㈜서영아이앤티,서울 송파구,http://www.jobkorea.co.kr/Recruit/GI_Read/31291158
AI Application 개발자,포지큐브,서울 서초구,http://www.jobkorea.co.kr/Recruit/GI_Read/31273944
[카카오 계열사] (주)스테이지파이브 통신서비스 웹플랫폼 경력직 개발자 채용,㈜스테이지파이브,서울 송파구,http://www.jobkorea.co.kr/Recruit/GI_Read/31265936
Nodejs / Typescript 백엔드 개발자 모집,㈜유스하이텍,서울 구로구,http://www.jobkorea.co.kr/Recruit/GI_Read/31263214
Backend SW 개발자,포지큐브,서울 서초구,http://www.jobkorea.co.kr/Recruit/GI_Read/31262694
솔루션개발 및 SI 부문 개발 경력직 모집,쿼리시스템즈,서울 송파구,http://www.jobkorea.co.kr/Recruit/GI_Read/31257441
JAVA 서버 개발자 채용,㈜알라딘글로벌알앤디센터,서울 강남구,http://www.jobkorea.co.kr/Recruit/GI_Read/31251288
기업주도형 블록체인 프로젝트 개발자 양성과정 교육생 모집,한국인공지능기업협회,대전 전지역,http://www.jobkorea.co.kr/Recruit/GI_Read/31249040
2020 개발팀 경력직 채용공고,㈜원글로벌,서울 전지역 외,http://www.jobkorea.co.kr/Recruit/GI_Read/31244643
"경력 웹개발자 모집[PHP,MYSQL]",엠비아이솔루션,서울 마포구,http://www.jobkorea.co.kr/Recruit/GI_Read/31247248
서버 개발자 모집,에이치디텔레콤,서울 구로구,http://www.jobkorea.co.kr/Recruit/GI_Read/31233585
[카카오자회사] 채팅 상담 플랫폼 개발자 영입,디케이테크인,경기 성남시,http://www.jobkorea.co.kr/Recruit/GI_Read/31228110
[㈜에이아이매틱스] 상반기 각 부문 모집,㈜에이아이매틱스,서울 영등포구,http://www.jobkorea.co.kr/Recruit/GI_Read/31226772
모바일 앱 개발자 채용합니다,캡슐미디어,서울 서초구,http://www.jobkorea.co.kr/Recruit/GI_Read/31225188
Javascript 개발자 / 웹 프론트 개발자 / 웹 퍼블리셔 모집,㈜인섹시큐리티,서울 금천구,http://www.jobkorea.co.kr/Recruit/GI_Read/31223257
"2020 부서별 경력직 채용 [마케팅/전략기획/UI,UX/JAVA/앱개발]",애드볼,서울 강남구 외,http://www.jobkorea.co.kr/Recruit/GI_Read/31219924
[비스텔] 웹UI개발자/기술지원/QA Engineer/Tech Leader 채용,㈜비스텔,서울 서초구,http://www.jobkorea.co.kr/Recruit/GI_Read/31214695
웹 개발자 모집 (전문연구요원 병특가능),㈜창소프트아이앤아이,서울 강남구,http://www.jobkorea.co.kr/Recruit/GI_Read/31214403
웹 프론트 엔드 개발자 모집,건아정보기술㈜,서울 송파구,http://www.jobkorea.co.kr/Recruit/GI_Read/31213247
2020년 상반기 개발부문 채용공고,㈜제이디솔루션,서울 금천구,http://www.jobkorea.co.kr/Recruit/GI_Read/31208853
웹서버 개발자 경력직 모집,주식회사 플라즈맵,대전 유성구,http://www.jobkorea.co.kr/Recruit/GI_Read/31208681
[갓오브하이스쿨] 서버 개발자 모집,㈜원컴즈,서울 강남구,http://www.jobkorea.co.kr/Recruit/GI_Read/31203406
빅데이터 부문 직원 모집,㈜엔텔스,서울 강남구,http://www.jobkorea.co.kr/Recruit/GI_Read/31199897
시스템엔지니어 / 클라우드엔지니어 모집,㈜엔텔스,서울 강남구,http://www.jobkorea.co.kr/Recruit/GI_Read/31199882
프런트 엔드 개발자 채용,㈜인코위즈,경기 용인시 외,http://www.jobkorea.co.kr/Recruit/GI_Read/31197289
백엔드 서버 개발자 채용,㈜인코위즈,경기 용인시 외,http://www.jobkorea.co.kr/Recruit/GI_Read/31197231
전 세계 한국어 학습자들을 위한 온라인 플랫폼 개발자를 채용합니다 (워드프레스 기반),지나인,서울 마포구,http://www.jobkorea.co.kr/Recruit/GI_Read/31193822
"[스타트업] O2O,중개플랫폼 개발 경력자 채용",모아플래닛,서울 전지역 외,http://www.jobkorea.co.kr/Recruit/GI_Read/31192958
웹/앱 소프트웨어 개발직 채용,퍼시픽나인,서울 송파구,http://www.jobkorea.co.kr/Recruit/GI_Read/31189402
웹 개발자 채용,비버이엔티㈜,서울 영등포구,http://www.jobkorea.co.kr/Recruit/GI_Read/31175952
"개발팀 web, app서비스 서버백엔드 개발자 경력직",㈜에브리치,서울 마포구,http://www.jobkorea.co.kr/Recruit/GI_Read/31166912
게임 서버 개발자 채용,㈜스튜디오쥬,서울 강남구,http://www.jobkorea.co.kr/Recruit/GI_Read/31151065
서버 / Web / iOS / Android  앱 개발 경력직 채용,㈜앱플러,경기 성남시 외,http://www.jobkorea.co.kr/Recruit/GI_Read/31091056
"자사 웹 개발(프론트,백엔드) 경력 채용",㈜패스트레인,서울 강남구,http://www.jobkorea.co.kr/Recruit/GI_Read/31060792
웹/앱 서비스 연구 개발 /서버 운영 및 관리/,㈜미디어스퀘어,서울 서초구 외,http://www.jobkorea.co.kr/Recruit/GI_Read/31051988
㈜스타랩스 IT 부문 경력직 수시 채용,㈜스타랩스,서울 강남구 외,http://www.jobkorea.co.kr/Recruit/GI_Read/31008962
"긴급) 소프트웨어 개발자 (JavaScript, Node.js) - e커머스사 - 최우대",벤처기업,서울 전지역,http://www.jobkorea.co.kr/Recruit/GI_Read/31543488
"긴급) e커머스사 - 소프트웨어 개발자 (JavaScript, Node.js) - 최우대",벤처기업,서울 전지역,http://www.jobkorea.co.kr/Recruit/GI_Read/31543487
"Node.js, Unity 기반의 게임 서버 및 컨텐츠,UI개발 대리-차장급 4명 채용",중소기업(300명이하),서울 성동구 외,http://www.jobkorea.co.kr/Recruit/GI_Read/31552138
패션플랫폼 발란 - Node.js Backend 개발자 4-8년차,벤처기업,서울 전지역 외,http://www.jobkorea.co.kr/Recruit/GI_Read/31584758
[글로벌/핀테크/개발자] Node.js Developer,중소기업(300명이하),서울 전지역,http://www.jobkorea.co.kr/Recruit/GI_Read/31544574
Node.js Backend 개발자-명품 온라인 부티크,중소기업(300명이하),서울 전지역,http://www.jobkorea.co.kr/Recruit/GI_Read/31531799
"[보안전문업체] 웹개발(Node.js, Vue.js, React.js )",벤처기업,서울 강남구,http://www.jobkorea.co.kr/Recruit/GI_Read/31521235
"Python 개발 경력자 10명 채용 (나이,성별,학력 무관)",중견기업(300명이상),서울 서초구,http://www.jobkorea.co.kr/Recruit/GI_Read/31592501
암호화폐기업 Frontend / 퍼블 개발 사원차장급,중소기업(300명이하),서울 전지역 외,http://www.jobkorea.co.kr/Recruit/GI_Read/31575768
파이썬 개발자 10명,중견기업(300명이상),서울 서초구,http://www.jobkorea.co.kr/Recruit/GI_Read/31567303
AI/빅데이터 개발자 ( 경력직 각 1명 ),브이웨이,서울 중구,http://www.jobkorea.co.kr/Recruit/GI_Read/31540397
[전도 유망 의료기업] 서버 플랫폼 풀 스텍 경력 및 상주직 모집,중소기업(300명이하),서울 강남구,http://www.jobkorea.co.kr/Recruit/GI_Read/31452882
[벤처 - 헬스케어 플랫폼] 백엔드개발자 경력직 채용,벤처기업,서울 전지역,http://www.jobkorea.co.kr/Recruit/GI_Read/31408909
국내 메이저 게임사 [웹개발/플랫폼개발/UI개발 등] 경력자 모집,하이스트써치,경기 전지역 외,http://www.jobkorea.co.kr/Recruit/GI_Read/31406231
서버 플랫폼 Full stack engineer 경력 모집,중소기업(300명이하),서울 강남구,http://www.jobkorea.co.kr/Recruit/GI_Read/31385571
[이커머스 스타트업] 소프트웨어 개발자,벤처기업,서울 전지역,http://www.jobkorea.co.kr/Recruit/GI_Read/31383220
[서울/강남] Front-End 개발 Engineer,벤처기업,서울 강남구 외,http://www.jobkorea.co.kr/Recruit/GI_Read/31332479
[구인구직 Platform] PL/Backend 개발팀장님 모십니다.,에이아이앤잡,서울 강남구,http://www.jobkorea.co.kr/Recruit/GI_Read/31076722
[구인구직 Platform] Java Backend 개발자 모십니다.,중소기업(300명이하),서울 강남구,http://www.jobkorea.co.kr/Recruit/GI_Read/31076694
Java 웹개발자 채용,벤처기업,서울 송파구,http://www.jobkorea.co.kr/Recruit/GI_Read/31060696
명품 패션몰 앱 개발자(Android/iOS)-명품 온라인 부티크,중소기업(300명이하),서울 전지역,http://www.jobkorea.co.kr/Recruit/GI_Read/31604491
데이터 개발자-명품 온라인 부티크,중소기업(300명이하),서울 전지역,http://www.jobkorea.co.kr/Recruit/GI_Read/31604369
패션플랫폼 발란 - 자사몰 앱개발자 Android/ iOS (3-5년차),벤처기업,서울 전지역 외,http://www.jobkorea.co.kr/Recruit/GI_Read/31600713
1.[코스닥]Web Frontend개발자(시니어급),중소기업(300명이하),서울 송파구,http://www.jobkorea.co.kr/Recruit/GI_Read/31599327
백엔드 개발자-국내 유망 법률서비스 기업,중소기업(300명이하),서울 전지역,http://www.jobkorea.co.kr/Recruit/GI_Read/31593158
넘버원 포털 금융 프론트엔드 개발자 모집,중견기업(300명이상),경기 전지역,http://www.jobkorea.co.kr/Recruit/GI_Read/31592023
대기업그룹사-JAVA/Spring Framework/5년이상,대기업 계열사·자회사,서울 강남구,http://www.jobkorea.co.kr/Recruit/GI_Read/31589997
IT Server Technician (Cloud전문)-외국계 우량 소비재기업,중견기업(300명이상),서울 강남구,http://www.jobkorea.co.kr/Recruit/GI_Read/31588726
코스닥상장 소프트웨어기업 서버 채용,중소기업(300명이하),서울 금천구,http://www.jobkorea.co.kr/Recruit/GI_Read/31585743
패션플랫폼 발란 - 쇼핑몰 PHP 개발자 (4-8년차),벤처기업,서울 강남구 외,http://www.jobkorea.co.kr/Recruit/GI_Read/31584673
PHP 웹개발자 경력직 모집,벤처기업,서울 강남구,http://www.jobkorea.co.kr/Recruit/GI_Read/31584506
백엔드개발자 모집/ Software Engineer-Backend,외국계 기업,서울 강남구,http://www.jobkorea.co.kr/Recruit/GI_Read/31581552
백엔드 개발자 채용 [유망 글로벌 플랫폼사],중소기업(300명이하),서울 강남구,http://www.jobkorea.co.kr/Recruit/GI_Read/31578686
암호화폐기업 암호화폐 지갑 및 시스템 개발 사원차장급,중소기업(300명이하),서울 전지역 외,http://www.jobkorea.co.kr/Recruit/GI_Read/31575776
[코스닥상장 IT기업] 웹프론트엔드 (시니어)개발자 채용,중소기업(300명이하),서울 송파구,http://www.jobkorea.co.kr/Recruit/GI_Read/31573027
IoT관련 플랫폼 및 서비스 개발 경력직 채용,대기업,서울 전지역,http://www.jobkorea.co.kr/Recruit/GI_Read/31564965
게임 플랫폼 개발자 채용 [글로벌 게임 개발사],중소기업(300명이하),서울 용산구,http://www.jobkorea.co.kr/Recruit/GI_Read/31563714
[중소기업]Java BackEnd 개발자,중견기업(300명이상),서울 전지역 외,http://www.jobkorea.co.kr/Recruit/GI_Read/31554653
[중소기업]Front End 개발자,중견기업(300명이상),서울 전지역 외,http://www.jobkorea.co.kr/Recruit/GI_Read/31554651
솔루션 개발(backend),중소기업(300명이하),경기 성남시,http://www.jobkorea.co.kr/Recruit/GI_Read/31551138
[ICT] Web 개발(대리/과장급),중견기업(300명이상),서울 전지역,http://www.jobkorea.co.kr/Recruit/GI_Read/31543650
서버개발-유명 여행 스타트업,중소기업(300명이하),서울 전지역,http://www.jobkorea.co.kr/Recruit/GI_Read/31542509
[AI 기반 의료IT기업 ]  Full Stack Engineer 경력 채용,벤처기업,서울 마포구,http://www.jobkorea.co.kr/Recruit/GI_Read/31541705
"[일본 근무] 앱 관련 개발 엔지니어 모집- 경력직, N2, 고연봉, 플랙서블 타임 근무",외국계 기업,일본 도쿄,http://www.jobkorea.co.kr/Recruit/GI_Read/31534060
"주니어 개발자 (인턴, 신입, 사원급)-명품 온라인 부티크",중소기업(300명이하),서울 전지역,http://www.jobkorea.co.kr/Recruit/GI_Read/31532623
온라인몰 PHP 개발자-명품 온라인 부티크,중소기업(300명이하),서울 전지역,http://www.jobkorea.co.kr/Recruit/GI_Read/31531690
자산관리 솔루션 개발회사 엔지니어 채용(경력무관),벤처기업,서울 강남구,http://www.jobkorea.co.kr/Recruit/GI_Read/31531442
[국내 Top 배달플랫폼] 백엔드 개발자,국내 Top 배달플랫폼,서울 전지역,http://www.jobkorea.co.kr/Recruit/GI_Read/31528959
개발팀을 리드할  Backend senior 개발자 정규직 채용,벤처기업,서울 서초구,http://www.jobkorea.co.kr/Recruit/GI_Read/31525882
대기업 Cloud / MSA 기반 Application 개발,대기업,서울 전지역,http://www.jobkorea.co.kr/Recruit/GI_Read/31524811
[스타트업] 서버 담당 경력직 채용,벤처기업,서울 성동구,http://www.jobkorea.co.kr/Recruit/GI_Read/31518866
유명 앱개발 운영 회사 - 서버개발자,중견기업(300명이상),서울 전지역,http://www.jobkorea.co.kr/Recruit/GI_Read/31512720
백엔드 서버 개발자 (대리과장) - 국내 유명 플랫폼 회사,중견기업(300명이상),서울 전지역,http://www.jobkorea.co.kr/Recruit/GI_Read/31512718
[국내 에너지 IT 서비스 플랫폼기업] 풀스택 개발자 채용(정규직),벤처기업,서울 서초구,http://www.jobkorea.co.kr/Recruit/GI_Read/31505287
"[중소기업] Java BackEnd, Front End 개발자",중견기업(300명이상),서울 전지역 외,http://www.jobkorea.co.kr/Recruit/GI_Read/31502780
"[중소기업]Java BackEnd, Front End 개발자",중견기업(300명이상),서울 전지역 외,http://www.jobkorea.co.kr/Recruit/GI_Read/31498756
[코스피상장 e-commerce 대기업] 백엔드/프론트엔드 개발자 채용,대기업,경기 성남시,http://www.jobkorea.co.kr/Recruit/GI_Read/31486695
S/W QA-국내메이저 IT회사,대기업,경기 전지역,http://www.jobkorea.co.kr/Recruit/GI_Read/31478082
(대기업)Cloud/MSA 기반의 Application 설계/개발(대리.과장급),대기업,서울 전지역,http://www.jobkorea.co.kr/Recruit/GI_Read/31477093
중견 광고대행사 프런트엔드 백엔드 대리 과장급 각 1명 모집,플랩,서울 전지역,http://www.jobkorea.co.kr/Recruit/GI_Read/31474970
"UI,UX디자인,백엔드,프론트엔트 대리-차장급 6명 채용",대기업,경기 성남시 외,http://www.jobkorea.co.kr/Recruit/GI_Read/31474550
(대기업)광고플랫폼 기반 개발/ 광고서비스 개발 PM(대리-부장),대기업,서울 용산구,http://www.jobkorea.co.kr/Recruit/GI_Read/31470129
[긴급]Serverless Backend 개발자/최고 대우,벤처기업,서울 금천구 외,http://www.jobkorea.co.kr/Recruit/GI_Read/31452087
[시리즈C투자유치 게임회사] 서버프로그래머,벤처기업,서울 전지역,http://www.jobkorea.co.kr/Recruit/GI_Read/31436856
웹 엔지니어 정규직 채용,벤처기업,서울 전지역,http://www.jobkorea.co.kr/Recruit/GI_Read/31415577
오픈마켓 java 개발 및 관리,벤처기업,서울 강서구,http://www.jobkorea.co.kr/Recruit/GI_Read/31410955
[글로벌] IT - 백엔드 개발자/Backend Developer,벤처기업,서울 전지역,http://www.jobkorea.co.kr/Recruit/GI_Read/31403832
[유명 스타트업]Serverless Backend 개발자 /최고 대우,벤처기업,서울 금천구 외,http://www.jobkorea.co.kr/Recruit/GI_Read/31401277
GraphQL 서버 개발자 채용,중소기업(300명이하),서울 강남구,http://www.jobkorea.co.kr/Recruit/GI_Read/31397786
웹 Full Stack 개발자 채용,중소기업(300명이하),서울 강남구,http://www.jobkorea.co.kr/Recruit/GI_Read/31397772
Front-end 개발자-부동산 P2P 금융 리딩 기업,중소기업(300명이하),서울 전지역,http://www.jobkorea.co.kr/Recruit/GI_Read/31397725
[유명 스타트업]Serverless Backend 개발자/최고 대우,벤처기업,서울 금천구 외,http://www.jobkorea.co.kr/Recruit/GI_Read/31392903
200만 달러 투자받은 차세대커머스 벤처기업 개발자 S/W엔지니어 (소프트엔지니어 / 개발자),서치펌 브레인뱅크,서울 강남구,http://www.jobkorea.co.kr/Recruit/GI_Read/31388043
[외국계O2O 우량 스타트업] Full Stack 개발자,O2O스타트업,서울 성동구,http://www.jobkorea.co.kr/Recruit/GI_Read/31368780
블록체인 (백엔드 시스템 개발),대기업 계열사·자회사,서울 강남구,http://www.jobkorea.co.kr/Recruit/GI_Read/31365029
[글로벌] IT - 서버 엔지니어/Server Engineer,중소기업(300명이하),서울 전지역,http://www.jobkorea.co.kr/Recruit/GI_Read/31352252
"중견기업, 플랫폼개발 경력자 모집",대기업 계열사·자회사,서울 마포구,http://www.jobkorea.co.kr/Recruit/GI_Read/31349211
웹개발(Back-End/Front-End) 경력직 채용,중소기업(300명이하),서울 송파구,http://www.jobkorea.co.kr/Recruit/GI_Read/31344172
모바일 서비스 플랫폼 Front-End개발,중견기업(300명이상),서울 전지역,http://www.jobkorea.co.kr/Recruit/GI_Read/31330305
Senior Principal Engineer of Fuel Cell Battery Control,외국계 기업,중국·홍콩 길림성,http://www.jobkorea.co.kr/Recruit/GI_Read/31314313
Backend 개발자(과장차장급),대기업 계열사·자회사,경기 성남시,http://www.jobkorea.co.kr/Recruit/GI_Read/31295523
웹개발 대리과장급,벤처기업,경기 성남시,http://www.jobkorea.co.kr/Recruit/GI_Read/31295369
광고-통계 개발 PM,대기업 계열사·자회사,서울 마포구,http://www.jobkorea.co.kr/Recruit/GI_Read/31270455
[4.5일 근무]  Web / Mobile 프로그래머 / 데이터엔지니어 등,물류딜리버리,서울 강남구,http://www.jobkorea.co.kr/Recruit/GI_Read/31259888
[O2O 우량 스타트업] Back-end 개발자,O2O스타트업,서울 성동구,http://www.jobkorea.co.kr/Recruit/GI_Read/31256830
(중견 코스닥-서초역) 언어 모델 관리,중견기업(300명이상),서울 서초구,http://www.jobkorea.co.kr/Recruit/GI_Read/31255794
"(중견 코스닥-서초역) 음성인식, 자연어 처리(NLU/NLP)",중견기업(300명이상),서울 서초구,http://www.jobkorea.co.kr/Recruit/GI_Read/31255790
[글로벌] IT - 서버 엔지니어/Server Engineer (사원급),벤처기업,서울 전지역,http://www.jobkorea.co.kr/Recruit/GI_Read/31239823
플랫폼 기업] 백엔드개발자,벤처기업,서울 전지역,http://www.jobkorea.co.kr/Recruit/GI_Read/31230950
Cloud 솔루션 개발 [경력 3년이상],중소기업(300명이하),서울 강남구,http://www.jobkorea.co.kr/Recruit/GI_Read/31228382
CTO(차부장. IT총괄.개발팀장) 채용 건,심풀프로젝트컴퍼니,서울 종로구,http://www.jobkorea.co.kr/Recruit/GI_Read/31219293
[글로벌] Retail - 소프트웨어 엔지니어/Software Engineer (사원급),중소기업(300명이하),서울 전지역,http://www.jobkorea.co.kr/Recruit/GI_Read/31216361
2. IT IFRS infra specialist (대리/과장급) [외국계 금융사],외국계 기업,서울 전지역,http://www.jobkorea.co.kr/Recruit/GI_Read/31215392
[초우량 반도체 회사] Front-End 개발 엔지니어,벤처기업,서울 전지역 외,http://www.jobkorea.co.kr/Recruit/GI_Read/31192197
Mobility 서비스 백엔드 개발 [경력 3년-8년],중소기업(300명이하),서울 강남구,http://www.jobkorea.co.kr/Recruit/GI_Read/30905992
